,rho1324,rho24,rho13,rho1234,rho34,rho12,value
0,0,0,0,0,0,0,0.99264122
1,0,0,0,0,0,1,-0.01126989
2,1,0,0,0,0,0,0.01253466
3,1,0,0,0,0,1,0.99741465
