,rho1324,rho24,rho13,rho1234,rho34,rho12,value
0,0,0,0,0,0,0,0.96920207
1,0,0,0,0,0,1,-0.05662691
2,1,0,0,0,0,0,0.05156441
3,1,0,0,0,0,1,0.93211575
