,rho1324,rho24,rho13,rho1234,rho34,rho12,value
0,0,0,0,0,0,0,0.9810093
1,0,0,0,0,1,0,-0.02905172
2,1,0,0,0,0,0,0.02191653
3,1,0,0,0,1,0,0.93693355
