,rho1324,rho24,rho13,rho1234,rho34,rho12,value
0,0,0,0,0,0,0,-0.85163445
1,1,0,0,0,0,0,0.06327741
