,rho1324,rho24,rho13,rho1234,rho34,rho12,value
0,0,0,0,0,0,0,0.99019216
1,0,0,0,0,0,1,-0.01476921
2,1,0,0,0,0,0,0.01686704
3,1,0,0,0,0,1,0.99647248
