,rho1324,rho24,rho13,rho1234,rho34,rho12,value
0,0,0,0,0,0,0,0.97595574
1,0,0,0,0,0,1,-0.00098587
2,1,0,0,0,0,0,-0.02462932
3,1,0,0,0,0,1,0.81111044
