,k1,L1,k2,L2,k3,L3,rho0,rho1
0,1,1,1,2,1,3,-0.50504751,0.04307178
1,1,1,1,2,2,3,-0.03182046,-0.37654365
