,rho1324,rho24,rho13,rho1234,rho34,rho12,value
0,0,0,0,0,0,0,0.98431101
1,0,0,0,0,1,0,0.01208338
2,1,0,0,0,0,0,-0.03694422
3,1,0,0,0,1,0,0.8131092
