eta1,l1,eta2,l2,rme
5,5,6,6,-3.05132
5,5,6,4,-1.09255
5,3,6,4,-2.29175
5,3,6,2,-1.19683
5,1,6,2,-1.46581
5,1,6,0,-0.846284
6,6,5,5,3.05132
6,6,7,7,-3.54026
6,6,7,5,-1.19683
6,4,5,5,1.09255
6,4,5,3,2.29175
6,4,7,5,-2.78546
6,4,7,3,-1.38198
6,2,5,3,1.19683
6,2,5,1,1.46581
6,2,7,3,-1.98471
6,2,7,1,-1.19683
6,0,5,1,0.846284
6,0,7,1,-1.03648
7,7,6,6,3.54026
7,5,6,6,1.19683
7,5,6,4,2.78546
7,3,6,4,1.38198
7,3,6,2,1.98471
7,1,6,2,1.19683
7,1,6,0,1.03648
