,rho1324,rho24,rho13,rho1234,rho34,rho12,value
0,0,0,0,0,0,0,0.86834884
1,0,0,0,0,0,1,-0.00984567
2,1,0,0,0,0,0,-0.01462494
3,1,0,0,0,0,1,0.67363318
