,rho1324,rho24,rho13,rho1234,rho34,rho12,value
0,0,0,0,0,0,0,0.79360551
1,0,0,0,0,0,1,-0.01273948
2,0,0,0,0,0,2,-5.714e-05
3,1,0,0,0,0,0,-0.0191985
4,1,0,0,0,0,1,0.6161379
5,1,0,0,0,0,2,-0.00977085
6,2,0,0,0,0,0,-0.0009578
7,2,0,0,0,0,1,-0.03495104
8,2,0,0,0,0,2,0.3666098
