,rho1324,rho24,rho13,rho1234,rho34,rho12,value
0,0,0,0,0,0,0,0.86758215
1,0,0,0,0,0,1,0.00168036
2,0,0,0,0,0,2,-0.00012802
3,1,0,0,0,0,0,-0.03892291
4,1,0,0,0,0,1,0.66236607
5,1,0,0,0,0,2,-0.00134493
6,2,0,0,0,0,0,9.28e-05
7,2,0,0,0,0,1,-0.04557902
8,2,0,0,0,0,2,0.38568236
