,rho1324,rho24,rho13,rho1234,rho34,rho12,value
0,0,0,0,0,0,0,0.91693807
1,0,0,0,0,0,1,0.00092444
2,1,0,0,0,0,0,-0.02770462
3,1,0,0,0,0,1,0.70040868
