,rho1324,rho24,rho13,rho1234,rho34,rho12,value
0,0,0,0,0,0,0,0.75060891
1,0,0,0,0,0,1,0.00322215
2,0,0,0,0,0,2,-0.00029782
3,1,0,0,0,0,0,-0.05226149
4,1,0,0,0,0,1,0.57307177
5,1,0,0,0,0,2,-0.00144806
6,2,0,0,0,0,0,8.121e-05
7,2,0,0,0,0,1,-0.07033766
8,2,0,0,0,0,2,0.33288459
9,3,0,0,0,0,0,0.00012572
10,3,0,0,0,0,1,0.00276357
11,3,0,0,0,0,2,-0.06106475
12,4,0,0,0,0,0,-3.14e-06
13,4,0,0,0,0,1,4.434e-05
14,4,0,0,0,0,2,0.00442585
