rho1324,rho24,rho13,rho1234,rho34,rho12,value
0,0,0,0,0,0,-0.71197967
0,0,0,0,0,1,0.01399545
0,0,0,0,0,2,0.00010462
1,0,0,0,0,0,0.0213134
1,0,0,0,0,1,-0.55348328
1,0,0,0,0,2,0.01197319
2,0,0,0,0,0,0.00168957
2,0,0,0,0,1,0.0445803
2,0,0,0,0,2,-0.32925847
3,0,0,0,0,0,-0.00008931
3,0,0,0,0,1,-0.00026094
3,0,0,0,0,2,0.04302291
