rho1324,rho24,rho13,rho1234,rho34,rho12,value
0,0,0,0,0,0,0.86834884
0,0,0,0,0,1,-0.00984567
1,0,0,0,0,0,-0.01462494
1,0,0,0,0,1,0.67363318
