,rho1324,rho24,rho13,rho1234,rho34,rho12,value
0,0,0,0,0,0,0,0.12039114
1,1,0,0,0,0,0,-0.01053183
2,2,0,0,0,0,0,0.00035803
