,rho1324,rho24,rho13,rho1234,rho34,rho12,value
0,0,0,0,0,0,0,0.09076591
1,1,0,0,0,0,0,-0.01342055
2,2,0,0,0,0,0,0.00084625
