,rho1324,rho24,rho13,rho1234,rho34,rho12,value
0,0,0,0,0,0,0,0.14295999
1,1,0,0,0,0,0,-0.01613505
2,2,0,0,0,0,0,0.00070343
