,rho1324,rho24,rho13,rho1234,rho34,rho12,value
0,0,0,0,0,0,0,-0.09965747
1,1,0,0,0,0,0,0.00580195
