,rho1324,rho24,rho13,rho1234,rho34,rho12,value
0,0,0,0,0,0,0,0.05256276
1,1,0,0,0,0,0,-0.00733835
2,2,0,0,0,0,0,0.00045168
