,rho1324,rho24,rho13,rho1234,rho34,rho12,value
0,0,0,0,0,0,0,0.10002039
1,1,0,0,0,0,0,-0.01138963
2,2,0,0,0,0,0,0.00055735
